;index;0;1;2;3;4;5;6;7;8;9;10;11;12;13;14;15;16;17;18;19;20;21;22;23;24;25;26;27;28;29;30;31;32;33;34;35;36;37;38;39;40;41;42;43;44
0;animal;8;8;8;8;8;8;8;8;8;;;;;;;;;;;;;;;;;;;;;;;;;;;;;;;;;;;;
1;AG_genotype;A9;A16;A17;A19;A22;A24;A28;A31;A38;;;;;;;;;;;;;;;;;;;;;;;;;;;;;;;;;;;;
2;GA_genotype;G4;G7;G11;G17;G19;G24;-;-;-;;;;;;;;;;;;;;;;;;;;;;;;;;;;;;;;;;;;
0;animal;9;9;9;9;9;9;9;9;9;;;;;;;;;;;;;;;;;;;;;;;;;;;;;;;;;;;;
1;AG_genotype;A9;A16;A17;A19;A23;A25;A27;A31;A38;;;;;;;;;;;;;;;;;;;;;;;;;;;;;;;;;;;;
2;GA_genotype;G4;G8;G12;G17;G20;G24;-;-;-;;;;;;;;;;;;;;;;;;;;;;;;;;;;;;;;;;;;
0;animal;25;25;25;25;25;25;25;25;25;25;;;;;;;;;;;;;;;;;;;;;;;;;;;;;;;;;;;
1;AG_genotype;A10;A14;A16;A17;A19;A22;A24;A27;A31;A38;;;;;;;;;;;;;;;;;;;;;;;;;;;;;;;;;;;
2;GA_genotype;G4;G8;G12;G17;G19;G24;-;-;-;-;;;;;;;;;;;;;;;;;;;;;;;;;;;;;;;;;;;
0;animal;26;26;26;26;26;26;26;26;;;;;;;;;;;;;;;;;;;;;;;;;;;;;;;;;;;;;
1;AG_genotype;A10;A13;A16;A19;A22;A24;A31;A38;;;;;;;;;;;;;;;;;;;;;;;;;;;;;;;;;;;;;
2;GA_genotype;G5;G12;G17;G20;G25;-;-;-;;;;;;;;;;;;;;;;;;;;;;;;;;;;;;;;;;;;;
0;animal;31;;;;;;;;;;;;;;;;;;;;;;;;;;;;;;;;;;;;;;;;;;;;
1;AG_genotype;A30;;;;;;;;;;;;;;;;;;;;;;;;;;;;;;;;;;;;;;;;;;;;
2;GA_genotype;-;;;;;;;;;;;;;;;;;;;;;;;;;;;;;;;;;;;;;;;;;;;;
0;animal;34;34;34;34;34;34;34;;;;;;;;;;;;;;;;;;;;;;;;;;;;;;;;;;;;;;
1;AG_genotype;A16;A17;A19;A23;A25;A31;A38;;;;;;;;;;;;;;;;;;;;;;;;;;;;;;;;;;;;;;
2;GA_genotype;G6;G9;G13;G16;G18;G23;-;;;;;;;;;;;;;;;;;;;;;;;;;;;;;;;;;;;;;;
0;animal;40;40;40;40;40;40;40;40;40;;;;;;;;;;;;;;;;;;;;;;;;;;;;;;;;;;;;
1;AG_genotype;A10;A14;A16;A18;A19;A23;A25;A32;A38;;;;;;;;;;;;;;;;;;;;;;;;;;;;;;;;;;;;
2;GA_genotype;G5;G11;G15;G17;G19;G24;-;-;-;;;;;;;;;;;;;;;;;;;;;;;;;;;;;;;;;;;;
0;animal;45;45;45;45;45;45;45;45;;;;;;;;;;;;;;;;;;;;;;;;;;;;;;;;;;;;;
1;AG_genotype;A11;A14;A17;A18;A19;A23;A25;A32;;;;;;;;;;;;;;;;;;;;;;;;;;;;;;;;;;;;;
2;GA_genotype;G1;G4;G11;G17;G19;G25;-;-;;;;;;;;;;;;;;;;;;;;;;;;;;;;;;;;;;;;;
0;animal;51;51;51;51;51;51;51;;;;;;;;;;;;;;;;;;;;;;;;;;;;;;;;;;;;;;
1;AG_genotype;A11;A17;A19;A20;A24;A25;A32;;;;;;;;;;;;;;;;;;;;;;;;;;;;;;;;;;;;;;
2;GA_genotype;-;G5;G11;G17;G19;G24;-;;;;;;;;;;;;;;;;;;;;;;;;;;;;;;;;;;;;;;
0;animal;55;55;55;55;55;55;55;55;55;;;;;;;;;;;;;;;;;;;;;;;;;;;;;;;;;;;;
1;AG_genotype;A7;A11;A15;A17;A20;A24;A26;A30;A32;;;;;;;;;;;;;;;;;;;;;;;;;;;;;;;;;;;;
2;GA_genotype;G3;G12;G17;G20;G25;-;-;-;-;;;;;;;;;;;;;;;;;;;;;;;;;;;;;;;;;;;;
0;animal;56;56;56;56;56;56;56;56;56;;;;;;;;;;;;;;;;;;;;;;;;;;;;;;;;;;;;
1;AG_genotype;A7;A11;A13;A15;A17;A20;A24;A26;A32;;;;;;;;;;;;;;;;;;;;;;;;;;;;;;;;;;;;
2;GA_genotype;G4;G8;G12;G17;G20;G25;-;-;-;;;;;;;;;;;;;;;;;;;;;;;;;;;;;;;;;;;;
0;animal;59;59;59;59;59;59;59;59;59;59;59;;;;;;;;;;;;;;;;;;;;;;;;;;;;;;;;;;
1;AG_genotype;A6;A10;A13;A14;A16;A19;A21;A23;A25;A28;A32;;;;;;;;;;;;;;;;;;;;;;;;;;;;;;;;;;
2;GA_genotype;G3;G7;G9;G11;G16;G16;G17;G23;-;-;-;;;;;;;;;;;;;;;;;;;;;;;;;;;;;;;;;;
0;animal;76;76;76;76;76;76;76;76;;;;;;;;;;;;;;;;;;;;;;;;;;;;;;;;;;;;;
1;AG_genotype;A10;A14;A16;A19;A23;A25;A32;A38;;;;;;;;;;;;;;;;;;;;;;;;;;;;;;;;;;;;;
2;GA_genotype;G6;G9;G13;G18;G20;G25;-;-;;;;;;;;;;;;;;;;;;;;;;;;;;;;;;;;;;;;;
0;animal;77;77;77;77;77;77;77;;;;;;;;;;;;;;;;;;;;;;;;;;;;;;;;;;;;;;
1;AG_genotype;A10;A13;A16;A17;A19;A25;A32;;;;;;;;;;;;;;;;;;;;;;;;;;;;;;;;;;;;;;
2;GA_genotype;G5;G9;G13;G18;G20;G25;-;;;;;;;;;;;;;;;;;;;;;;;;;;;;;;;;;;;;;;
0;animal;81;81;81;81;81;81;81;81;;;;;;;;;;;;;;;;;;;;;;;;;;;;;;;;;;;;;
1;AG_genotype;A10;A16;A17;A19;A22;A24;A31;-;;;;;;;;;;;;;;;;;;;;;;;;;;;;;;;;;;;;;
2;GA_genotype;G6;G9;G13;G16;G18;G20;G22;G25;;;;;;;;;;;;;;;;;;;;;;;;;;;;;;;;;;;;;
0;animal;82;82;82;82;82;82;82;82;82;82;;;;;;;;;;;;;;;;;;;;;;;;;;;;;;;;;;;
1;AG_genotype;A5;A10;A13;A16;A17;A18;A22;A24;A27;A31;;;;;;;;;;;;;;;;;;;;;;;;;;;;;;;;;;;
2;GA_genotype;G5;G8;G12;G17;G20;G25;-;-;-;-;;;;;;;;;;;;;;;;;;;;;;;;;;;;;;;;;;;
0;animal;85;85;85;85;85;85;85;85;85;;;;;;;;;;;;;;;;;;;;;;;;;;;;;;;;;;;;
1;AG_genotype;A4;A9;A13;A15;A17;A18;A22;A24;-;;;;;;;;;;;;;;;;;;;;;;;;;;;;;;;;;;;;
2;GA_genotype;G2;G3;G5;G8;G12;G15;G17;G20;G25;;;;;;;;;;;;;;;;;;;;;;;;;;;;;;;;;;;;
0;animal;100;100;100;100;100;100;100;100;100;100;100;100;100;100;100;100;100;100;100;100;100;100;100;100;100;100;100;100;100;100;100;100;100;100;100;100;100;100;100;100;100;100;100;100;100
1;AG_genotype;A3;A9;A13;A15;A17;A18;A22;A24;A28;A31;-;-;-;-;-;-;-;-;-;-;-;-;-;-;-;-;-;-;-;-;-;-;-;-;-;-;-;-;-;-;-;-;-;-;-
2;GA_genotype;G8;G12;G17;G20;G22;G25;-;-;-;-;-;-;-;-;-;-;-;-;-;-;-;-;-;-;-;-;-;-;-;-;-;-;-;-;-;-;-;-;-;-;-;-;-;-;-
